combination,property,human_label_majority,gpt-4o_generated_
a bucket of piss,useless,emergent,"['{""property_type"": ""emergent""}']"
a washed blackboard,blank,emergent,"['{""property_type"": ""emergent""}']"
the drone of the hive,sacrificial,emergent,"['{""property_type"": ""emergent""}']"
a voice from the grave,otherworldly,emergent,"['{""property_type"": ""emergent""}']"
molehills in a meadow,numerous,emergent,"['{""property_type"": ""emergent""}']"
one great family,united,emergent,"['{""property_type"": ""emergent""}']"
the wheat and the tares,intertwine,emergent,"['{""property_type"": ""emergent""}']"
stones through the windscreen,destructive,emergent,"['{""property_type"": ""emergent""}']"
a wedge in a log,firmly stuck,emergent,"['{""property_type"": ""emergent""}']"
the odour of fish,unpleasant,emergent,"['{""property_type"": ""emergent""}']"
a ball down the hill,unstoppable,emergent,"['{""property_type"": ""emergent""}']"
an apartment inside a mountain,unconventional,emergent,"['{""property_type"": ""emergent""}']"
a used glove,discard,emergent,"['{""property_type"": ""emergent""}']"
an online bully,cowardly,emergent,"['{""property_type"": ""emergent""}']"
a ladys voice,soothe,emergent,"['{""property_type"": ""emergent""}']"
the watered lemonade,dilute,emergent,"['{""property_type"": ""emergent""}']"
the old days,idealize,emergent,"['{""property_type"": ""emergent""}']"
a poof skirt,voluminous,emergent,"['{""property_type"": ""emergent""}']"
men in books,fictional,emergent,"['{""property_type"": ""emergent""}']"
a man in a fit,agitate,emergent,"['{""property_type"": ""emergent""}']"
primary season,intense campaigning,emergent,"['{""property_type"": ""emergent""}']"
a sinking vessel,precarious,emergent,"['{""property_type"": ""emergent""}']"
a fire cracker,explosive,emergent,"['{""property_type"": ""component""}']"
a schoolboy at the fair,excite,emergent,"['{""property_type"": ""emergent""}']"
a crows nest,dishevel,emergent,"['{""property_type"": ""emergent""}']"
the waiters whatever quinn was up to,unaware,emergent,"['{""property_type"": ""emergent""}']"
drawing straws,arbitrary,emergent,"['{""property_type"": ""emergent""}']"
a greasy river,polluted,emergent,"['{""property_type"": ""emergent""}']"
a needle in the haystack,difficult,emergent,"['{""property_type"": ""emergent""}']"
a pub without beer,uninvite,emergent,"['{""property_type"": ""emergent""}']"
a thief in the night,sudden,emergent,"['{""property_type"": ""emergent""}']"
a bunny on fire,frantic,emergent,"['{""property_type"": ""emergent""}']"
a scene out of Jaws,suspenseful,emergent,"['{""property_type"": ""emergent""}']"
a stuffed turkey,immobile,emergent,"['{""property_type"": ""emergent""}']"
burnt insulation,offensive,emergent,"['{""property_type"": ""emergent""}']"
pee on khakis,embarrass,emergent,"['{""property_type"": ""emergent""}']"
a frog behind a rock,hide,emergent,"['{""property_type"": ""emergent""}']"
pork for muslim,prohibit,emergent,"['{""property_type"": ""emergent""}']"
the spaghetti tree,bizarre,emergent,"['{""property_type"": ""others""}']"
nails on a blackboard,grating,emergent,"['{""property_type"": ""emergent""}']"
the bed on the train,narrow,emergent,"['{""property_type"": ""emergent""}']"
a conflict of interest,unethical,emergent,"['{""property_type"": ""emergent""}']"
a boiled egg,unremarkable,emergent,"['{""property_type"": ""others""}']"
southerners in the snow,unfamiliar,emergent,"['{""property_type"": ""emergent""}']"
a steamer without coal,ineffective,emergent,"['{""property_type"": ""emergent""}']"
the face of the dead,unnerve,emergent,"['{""property_type"": ""emergent""}']"
a pig in a petticoat,ridiculous,emergent,"['{""property_type"": ""emergent""}']"
a life without happiness,unfulfilled,emergent,"['{""property_type"": ""emergent""}']"
a distant bell,quiet,emergent,"['{""property_type"": ""emergent""}']"
grass at dawn,dewy,emergent,"['{""property_type"": ""emergent""}']"
an oak and a lily,different,emergent,"['{""property_type"": ""emergent""}']"
the heat of the sun,palpably,emergent,"['{""property_type"": ""emergent""}']"
a pride of lions,community,emergent,"['{""property_type"": ""emergent""}']"
a leg of ham,sizeable,emergent,"['{""property_type"": ""component""}']"
a man possessed,frantic,emergent,"['{""property_type"": ""emergent""}']"
the photo on the box,idealize,emergent,"['{""property_type"": ""emergent""}']"
controls with no worms,uninfected,emergent,"['{""property_type"": ""emergent""}']"
a puppy on a leash,obedient,emergent,"['{""property_type"": ""emergent""}']"
a sinner under conviction,remorseful,emergent,"['{""property_type"": ""emergent""}']"
puppies and wolves,contrast,emergent,"['{""property_type"": ""emergent""}']"
an unhinged jaw,sudden,emergent,"['{""property_type"": ""emergent""}']"
used condoms,unpleasant,emergent,"['{""property_type"": ""emergent""}']"
the previous systems,obsolete,emergent,"['{""property_type"": ""emergent""}']"
the ones past prime,deteriorate,emergent,"['{""property_type"": ""emergent""}']"
a necklace upon the blind,meaningless,emergent,"['{""property_type"": ""emergent""}']"
the girl in the visions,ethereal,emergent,"['{""property_type"": ""emergent""}']"
a kick in the stones,painful,emergent,"['{""property_type"": ""emergent""}']"
a bat out of a sunrise,disappear,emergent,"['{""property_type"": ""canceled""}']"
the cherry on top,superfluous,emergent,"['{""property_type"": ""emergent""}']"
a fistful of sand,unreliable,emergent,"['{""property_type"": ""emergent""}']"
the smell of bacon,intoxicate,emergent,"['{""property_type"": ""emergent""}']"
a mare in heat,restless,emergent,"['{""property_type"": ""emergent""}']"
a bad selfie,unfocused,emergent,"['{""property_type"": ""emergent""}']"
the snap of bullets,loud,emergent,"['{""property_type"": ""emergent""}']"
the famous N word,offensive,emergent,"['{""property_type"": ""emergent""}']"
a wounded animal,struggle,emergent,"['{""property_type"": ""emergent""}']"
the wolf to the lapdog,dissimilar,emergent,"['{""property_type"": ""emergent""}']"
the crooning of fools,worthless,emergent,"['{""property_type"": ""emergent""}']"
a church on a weekday,empty,emergent,"['{""property_type"": ""emergent""}']"
three wet days,gloomy,emergent,"['{""property_type"": ""emergent""}']"
four characters per minute,slow,emergent,"['{""property_type"": ""emergent""}']"
long sermons,tedious,emergent,"['{""property_type"": ""emergent""}']"
the elephant on the table,undiscussed,emergent,"['{""property_type"": ""emergent""}']"
bees to blossoms,draw,emergent,"['{""property_type"": ""emergent""}']"
uncooked pasta,brittle,emergent,"['{""property_type"": ""component""}']"
a wrecking ball,forceful,emergent,"['{""property_type"": ""emergent""}']"
a fifth leg,unnecessary,emergent,"['{""property_type"": ""emergent""}']"
a reprimanded child,submissive,emergent,"['{""property_type"": ""emergent""}']"
a woman without sin,idealize,emergent,"['{""property_type"": ""emergent""}']"
a hole in the head,life,emergent,"['{""property_type"": ""canceled""}']"
a recitation of the alphabet,monotonous,emergent,"['{""property_type"": ""emergent""}']"
the moral law,universal,emergent,"['{""property_type"": ""emergent""}']"
oil and water,disparate,emergent,"['{""property_type"": ""emergent""}']"
a vampire movie,bloodthirsty,emergent,"['{""property_type"": ""emergent""}']"
a burnt out lightbulb,not bright,emergent,"['{""property_type"": ""emergent""}']"
a gated community,secure,emergent,"['{""property_type"": ""emergent""}']"
the guys at the job,hard-working,emergent,"['{""property_type"": ""others""}']"
a ball down the hill,move,emergent,"['{""property_type"": ""emergent""}']"
the rest of the planet,non,emergent,"['{""property_type"": ""others""}']"
a dictionary without words,unhelpful,emergent,"['{""property_type"": ""emergent""}']"
mormon missionaries,uniformed,emergent,"['{""property_type"": ""component""}']"
the old campground,abandon,emergent,"['{""property_type"": ""emergent""}']"
a mechanical bird,imitative,emergent,"['{""property_type"": ""emergent""}']"
the face of the judge,cold,emergent,"['{""property_type"": ""others""}']"
a pitching boat,unsteady,emergent,"['{""property_type"": ""emergent""}']"
a barred up door,forbid,emergent,"['{""property_type"": ""emergent""}']"
dusk from dawn,opposite,emergent,"['{""property_type"": ""emergent""}']"
a polite cough,soft,emergent,"['{""property_type"": ""emergent""}']"
a cardboard lifeboat,impractical,emergent,"['{""property_type"": ""emergent""}']"
one surgeon on a battlefield,isolate,emergent,"['{""property_type"": ""emergent""}']"
a wall of text,overwhelm,emergent,"['{""property_type"": ""emergent""}']"
a brick through a window,destructive,emergent,"['{""property_type"": ""emergent""}']"
a cracked bell and,dissonant,emergent,"['{""property_type"": ""emergent""}']"
vegetables vs twinkies,well,emergent,"['{""property_type"": ""others""}']"
a pained giggle,incongruous,emergent,"['{""property_type"": ""emergent""}']"
an hour or more,lengthy,emergent,"['{""property_type"": ""emergent""}']"
an animal into the brush,stealthy,emergent,"['{""property_type"": ""emergent""}']"
two pies to the face and,humorous,emergent,"['{""property_type"": ""emergent""}']"
the cable company,unreliable,emergent,"['{""property_type"": ""component""}']"
the minds of mushrooms,vacant,emergent,"['{""property_type"": ""emergent""}']"
a train to the face,violent,emergent,"['{""property_type"": ""emergent""}']"
a wet fuse,ineffective,emergent,"['{""property_type"": ""emergent""}']"
witch trials,punitive,emergent,"['{""property_type"": ""emergent""}']"
the edge of a scallop,wavy,emergent,"['{""property_type"": ""component""}']"
scorpions in a bottle,constrain,emergent,"['{""property_type"": ""emergent""}']"
a stone from a slingshot,fast,emergent,"['{""property_type"": ""emergent""}']"
the paternal nature,nurturing,emergent,"['{""property_type"": ""emergent""}']"
trained monkeys,obedient,emergent,"['{""property_type"": ""emergent""}']"
the key date,significant,emergent,"['{""property_type"": ""emergent""}']"
a broken foot,painful,emergent,"['{""property_type"": ""emergent""}']"
an acid trip,surreal,emergent,"['{""property_type"": ""emergent""}']"
a stone from a catapult,swift,emergent,"['{""property_type"": ""emergent""}']"
a one storied apartment,single,emergent,"['{""property_type"": ""component""}']"
a steak to a vegan,unwanted,emergent,"['{""property_type"": ""emergent""}']"
a stuffed crocodile,lifeless,emergent,"['{""property_type"": ""emergent""}']"
bacon soda,unappealing taste,emergent,"['{""property_type"": ""emergent""}']"
a damp firework,disappointing,emergent,"['{""property_type"": ""emergent""}']"
the blinking light,distracting,emergent,"['{""property_type"": ""emergent""}']"
an exchange of amenities,polite,emergent,"['{""property_type"": ""emergent""}']"
pork for muslim,forbid,emergent,"['{""property_type"": ""others""}']"
a jewel in a gutter,unexpected,emergent,"['{""property_type"": ""emergent""}']"
an apple on a toothpick,unstable,emergent,"['{""property_type"": ""emergent""}']"
a tiptoeing cannonball,absurd,emergent,"['{""property_type"": ""emergent""}']"
a pub without beer,undesirable,emergent,"['{""property_type"": ""emergent""}']"
talking sponges,not real,emergent,"['{""property_type"": ""emergent""}']"
factory operatives,exploit,emergent,"['{""property_type"": ""emergent""}']"
a wilting violet,timid,emergent,"['{""property_type"": ""emergent""}']"
an honest politician,rare,emergent,"['{""property_type"": ""emergent""}']"
jousting windmills,futile,emergent,"['{""property_type"": ""emergent""}']"
shifting blame,irresponsible,emergent,"['{""property_type"": ""emergent""}']"
the stained glass,artistic,emergent,"['{""property_type"": ""emergent""}']"
a die no wavering,steadfastness,emergent,"['{""property_type"": ""emergent""}']"
a porter at a coronation,unnoticed,emergent,"['{""property_type"": ""emergent""}']"
stamped silver,texture,emergent,"['{""property_type"": ""emergent""}']"
a lead cheese,unpleasant,emergent,"['{""property_type"": ""emergent""}']"
stuffed sacks,heavy,emergent,"['{""property_type"": ""emergent""}']"
swelled head,conceite,emergent,"['{""property_type"": ""emergent""}']"
lucid fools,clear-thinking,emergent,"['{""property_type"": ""canceled""}']"
the sky between stars,empty,emergent,"['{""property_type"": ""emergent""}']"
a snake's path,irregular,emergent,"['{""property_type"": ""emergent""}']"
a church on a weekday,emptiness,emergent,"['{""property_type"": ""emergent""}']"
not swallowing poison,advisable,emergent,"['{""property_type"": ""emergent""}']"
a box of frogs,unpredictable,emergent,"['{""property_type"": ""emergent""}']"
stuffed sacks,unwieldy,emergent,"['{""property_type"": ""emergent""}']"
snow beneath the sun,melted,emergent,"['{""property_type"": ""emergent""}']"
a stream of consciousness,unstructured,emergent,"['{""property_type"": ""emergent""}']"
a cod in a pot,helpless,emergent,"['{""property_type"": ""emergent""}']"
apples to oranges,incomparable,emergent,"['{""property_type"": ""emergent""}']"
a psychiatric facility,confine,emergent,"['{""property_type"": ""emergent""}']"
the hills in summer,golden,emergent,"['{""property_type"": ""emergent""}']"
healthy cancer,contradictory,emergent,"['{""property_type"": ""emergent""}']"
a corpse 's mouth,gape,emergent,"['{""property_type"": ""emergent""}']"
a dying fish,pathetic,emergent,"['{""property_type"": ""emergent""}']"
night from day,dissimilar,emergent,"['{""property_type"": ""emergent""}']"
a hog in slop,happy,emergent,"['{""property_type"": ""emergent""}']"
"the old days ,",cherish,emergent,"['{""property_type"": ""emergent""}']"
a moth to a flame,irresistibly,emergent,"['{""property_type"": ""emergent""}']"
a bat to the kneecaps,unpleasant,emergent,"['{""property_type"": ""emergent""}']"
a softer sound,subdue,emergent,"['{""property_type"": ""emergent""}']"
illuminated manuscripts,ornate,emergent,"['{""property_type"": ""component""}']"
"the dollar menu,",affordable,emergent,"['{""property_type"": ""emergent""}']"
any two things in nature,dissimilar,emergent,"['{""property_type"": ""emergent""}']"
a wall of iron,impenetrable,emergent,"['{""property_type"": ""component""}']"
drinking mouthwash,disgust,emergent,"['{""property_type"": ""emergent""}']"
a whipped dog,helpless,emergent,"['{""property_type"": ""emergent""}']"
not swallowing poison,obvious,emergent,"['{""property_type"": ""emergent""}']"
ice on a pond,thin,emergent,"['{""property_type"": ""emergent""}']"
lukewarm beer,unpleasant,emergent,"['{""property_type"": ""emergent""}']"
wet leather,malleable,emergent,"['{""property_type"": ""emergent""}']"
a side consideration,minor,emergent,"['{""property_type"": ""emergent""}']"
a tooth of iron,menacing,emergent,"['{""property_type"": ""emergent""}']"
a white crow,unusual,emergent,"['{""property_type"": ""emergent""}']"
water down a drain,transient,emergent,"['{""property_type"": ""emergent""}']"
a schoolboy about to be whipped,vulnerable,emergent,"['{""property_type"": ""emergent""}']"
the sky between stars,dark,emergent,"['{""property_type"": ""emergent""}']"
the love of money,greedy,emergent,"['{""property_type"": ""emergent""}']"
a weekold newspaper,uninspire,emergent,"['{""property_type"": ""emergent""}']"
the age of cavalry,remote,emergent,"['{""property_type"": ""others""}']"
a elephant as a sailor,unsuitable,emergent,"['{""property_type"": ""emergent""}']"
a boardinghouse steak,tough,emergent,"['{""property_type"": ""emergent""}']"
a rocking chair,soothe,emergent,"['{""property_type"": ""emergent""}']"
a handicapped spot,designate,emergent,"['{""property_type"": ""emergent""}']"
the gif guy,creative,emergent,"['{""property_type"": ""others""}']"
an otter in oil,helpless,emergent,"['{""property_type"": ""emergent""}']"
moonlight unto sunlight,inferior,emergent,"['{""property_type"": ""emergent""}']"
a couple dollars,affordable,emergent,"['{""property_type"": ""emergent""}']"
the creatures of the wasteland,monstrous,emergent,"['{""property_type"": ""emergent""}']"
dark humour,subversive,emergent,"['{""property_type"": ""emergent""}']"
a snake in the grass,deceitful,emergent,"['{""property_type"": ""emergent""}']"
ice in the tropics,uncommon,emergent,"['{""property_type"": ""emergent""}']"
waves in a storm,unstoppable,emergent,"['{""property_type"": ""emergent""}']"
the faith of the simple,genuine,emergent,"['{""property_type"": ""emergent""}']"
an arrow growing up,upright,emergent,"['{""property_type"": ""emergent""}']"
a wet hotdog,unappetizing,emergent,"['{""property_type"": ""emergent""}']"
electrons in orbitals,pair,emergent,"['{""property_type"": ""emergent""}']"
an engine out of repair,non,emergent,"['{""property_type"": ""canceled""}']"
a jack out of a box,surprising,emergent,"['{""property_type"": ""emergent""}']"
a kid in headlights,startle,emergent,"['{""property_type"": ""emergent""}']"
a snake in a tube,constrain,emergent,"['{""property_type"": ""canceled""}']"
a man down rapids,precarious,emergent,"['{""property_type"": ""emergent""}']"
a pig on a flagpole,incongruous,emergent,"['{""property_type"": ""emergent""}']"
a collector's item,valuable,emergent,"['{""property_type"": ""emergent""}']"
a spring out of the soybeans,sudden,emergent,"['{""property_type"": ""emergent""}']"
a play upon words,clever,emergent,"['{""property_type"": ""emergent""}']"
a limp lily,lifeless,emergent,"['{""property_type"": ""emergent""}']"
the cry of a cat,high,emergent,"['{""property_type"": ""component""}']"
a walking stick,stabilize,emergent,"['{""property_type"": ""emergent""}']"
eyesockets without eyes,empty,emergent,"['{""property_type"": ""emergent""}']"
two horny teenagers,liplocked,emergent,"['{""property_type"": ""emergent""}']"
a villager under ice,in need of rescue,emergent,"['{""property_type"": ""emergent""}']"
a phone without a screen,useless,emergent,"['{""property_type"": ""emergent""}']"
a stone saint,immovable,emergent,"['{""property_type"": ""component""}']"
the tiny birds,skittish,emergent,"['{""property_type"": ""emergent""}']"
a wet poodle,unattractive,emergent,"['{""property_type"": ""emergent""}']"
an effect without a cause,non,emergent,"['{""property_type"": ""emergent""}']"
a man without prejudices,tolerant,emergent,"['{""property_type"": ""emergent""}']"
a cat in a bag,confine,emergent,"['{""property_type"": ""emergent""}']"
a used handkerchief,discard,emergent,"['{""property_type"": ""emergent""}']"
a seed within a fruit,protect,emergent,"['{""property_type"": ""emergent""}']"
a telephone solicitation,scripted,emergent,"['{""property_type"": ""emergent""}']"
a cribhouse whore,unclean,emergent,"['{""property_type"": ""emergent""}']"
an invasion of the moon,fantastical,emergent,"['{""property_type"": ""emergent""}']"
a stick to a rocket,proximity,emergent,"['{""property_type"": ""emergent""}']"
a nut to crack,difficult,emergent,"['{""property_type"": ""emergent""}']"
a talking dog,fantastical,emergent,"['{""property_type"": ""emergent""}']"
school for the retarded,specialize,emergent,"['{""property_type"": ""emergent""}']"
a lady of the court,noble,emergent,"['{""property_type"": ""emergent""}']"
half the egg roll,portioned,emergent,"['{""property_type"": ""emergent""}']"
a dozen beers,excessive,emergent,"['{""property_type"": ""emergent""}']"
fridge fruit,lackluster,emergent,"['{""property_type"": ""emergent""}']"
a fly trap,very,canceled,"['{""property_type"": ""others""}']"
an effect without a cause,cause,canceled,"['{""property_type"": ""canceled""}']"
a mosquito in ember,disease vector,canceled,"['{""property_type"": ""canceled""}']"
the hearts of men,curious,canceled,"['{""property_type"": ""emergent""}']"
voices of a stream,real,canceled,"['{""property_type"": ""emergent""}']"
water on mars,blemish,canceled,"['{""property_type"": ""others""}']"
hungry snakes,emptiness,canceled,"['{""property_type"": ""emergent""}']"
wine and dice,six,canceled,"['{""property_type"": ""others""}']"
a skein of smoke,yarn,canceled,"['{""property_type"": ""canceled""}']"
the two ends of the earth,real,canceled,"['{""property_type"": ""canceled""}']"
the land of the dead,productive,canceled,"['{""property_type"": ""canceled""}']"
the elephant in the room,enclose,canceled,"['{""property_type"": ""others""}']"
the washing on the line,Bubbles,canceled,"['{""property_type"": ""others""}']"
the silk merchant's,shiny,canceled,"['{""property_type"": ""component""}']"
faith without love,important,canceled,"['{""property_type"": ""canceled""}']"
any woman of the street,pave,canceled,"['{""property_type"": ""others""}']"
breaking tradition,endure,canceled,"['{""property_type"": ""canceled""}']"
a thousand dollars for one outfit,Federal Reserve,canceled,"['{""property_type"": ""others""}']"
bacon and vodka,clear,canceled,"['{""property_type"": ""canceled""}']"
burnt insulation,moisture barrier,canceled,"['{""property_type"": ""canceled""}']"
a lower case,structure,canceled,"['{""property_type"": ""emergent""}']"
a tired joke,funny,canceled,"['{""property_type"": ""canceled""}']"
wax work,stressful,canceled,"['{""property_type"": ""others""}']"
a sleeping mask,inactive,canceled,"['{""property_type"": ""emergent""}']"
the surface of the sun,solid,canceled,"['{""property_type"": ""canceled""}']"
a bird on a bough,strong,canceled,"['{""property_type"": ""canceled""}']"
the report of a pistol,structure,canceled,"['{""property_type"": ""others""}']"
a tree coming down,rooted,canceled,"['{""property_type"": ""component""}']"
a female housekeeper,fertile,canceled,"['{""property_type"": ""others""}']"
the laying of a net,still,canceled,"['{""property_type"": ""emergent""}']"
the feet of the fly,wing,canceled,"['{""property_type"": ""others""}']"
a church mouse,ergonomic,canceled,"['{""property_type"": ""others""}']"
any law in physics,regulatory,canceled,"['{""property_type"": ""emergent""}']"
a stuffed owl,nocturnal,canceled,"['{""property_type"": ""component""}']"
an unstrung drum,musical,canceled,"['{""property_type"": ""canceled""}']"
not having class,collectively,canceled,"['{""property_type"": ""emergent""}']"
the falling night,bright,canceled,"['{""property_type"": ""canceled""}']"
the moonlight at noon,bright,canceled,"['{""property_type"": ""canceled""}']"
a dying fish,beautiful,canceled,"['{""property_type"": ""component""}']"
a poke in the eye,peripheral,canceled,"['{""property_type"": ""canceled""}']"
sticks and stones,flexible,canceled,"['{""property_type"": ""canceled""}']"
a diver with the bends,deep,canceled,"['{""property_type"": ""others""}']"
"the hair on a goat,",agile,canceled,"['{""property_type"": ""others""}']"
a maple seed,wooden,canceled,"['{""property_type"": ""component""}']"
a chariot on the freeway,fast,canceled,"['{""property_type"": ""canceled""}']"
a lady in waiting,time,canceled,"['{""property_type"": ""others""}']"
blind patriotism,civic responsibility,canceled,"['{""property_type"": ""canceled""}']"
ones parents,unitary,canceled,"['{""property_type"": ""canceled""}']"
a fire cracker,simple,canceled,"['{""property_type"": ""component""}']"
a spent runner,strong,canceled,"['{""property_type"": ""canceled""}']"
non expendables,disposable,canceled,"['{""property_type"": ""canceled""}']"
a spent runner,fast,canceled,"['{""property_type"": ""canceled""}']"
a fray in a feast,abundant,canceled,"['{""property_type"": ""canceled""}']"
a coursing river,progressive,canceled,"['{""property_type"": ""emergent""}']"
a house falling in,shelter,canceled,"['{""property_type"": ""canceled""}']"
a thought in time,progressive,canceled,"['{""property_type"": ""emergent""}']"
a wounded eagle,fly,canceled,"['{""property_type"": ""canceled""}']"
water under the bridge,structural,canceled,"['{""property_type"": ""component""}']"
a bat out of a sunrise,echolocation,canceled,"['{""property_type"": ""component""}']"
an elevator in an outhouse,Efficient,canceled,"['{""property_type"": ""others""}']"
five dollars a week,time,canceled,"['{""property_type"": ""others""}']"
a wall of text,supportive,canceled,"['{""property_type"": ""canceled""}']"
the awful possibility,endless,canceled,"['{""property_type"": ""others""}']"
the rain in the air,invisible,canceled,"['{""property_type"": ""emergent""}']"
the velocity of sound,subjective,canceled,"['{""property_type"": ""others""}']"
a voice from the grave,real,canceled,"['{""property_type"": ""canceled""}']"
hair down a drain,hollow,canceled,"['{""property_type"": ""canceled""}']"
a cat in a gutter,drain,canceled,"['{""property_type"": ""others""}']"
the career of a comet,fulfil,canceled,"['{""property_type"": ""others""}']"
light to darkness,bright,canceled,"['{""property_type"": ""canceled""}']"
the old days,bright,canceled,"['{""property_type"": ""others""}']"
"a fish out of water,",alive,canceled,"['{""property_type"": ""canceled""}']"
a shadow without light,transmissive,canceled,"['{""property_type"": ""canceled""}']"
a face without a nose,symmetrical,canceled,"['{""property_type"": ""canceled""}']"
a hair shirt,cotton,canceled,"['{""property_type"": ""component""}']"
a whipped dog,sting,canceled,"['{""property_type"": ""canceled""}']"
ill preparation,planning,canceled,"['{""property_type"": ""canceled""}']"
boiled hay,fluffy,canceled,"['{""property_type"": ""canceled""}']"
not swallowing poison,harmful,canceled,"['{""property_type"": ""canceled""}']"
statue of limitations,durable,canceled,"['{""property_type"": ""others""}']"
a wooden woman,multifacete,canceled,"['{""property_type"": ""emergent""}']"
a bird on the bough,strong,canceled,"['{""property_type"": ""others""}']"
a skein of smoke,yarn,canceled,"['{""property_type"": ""canceled""}']"
the mountains of the moon,orbital,canceled,"['{""property_type"": ""others""}']"
lions in a pride,feel,canceled,"['{""property_type"": ""emergent""}']"
a villager under ice,community-oriented,canceled,"['{""property_type"": ""canceled""}']"
two or three times per year,progressive,canceled,"['{""property_type"": ""others""}']"
a rope out of the coil,curl,canceled,"['{""property_type"": ""canceled""}']"
the population of the hamlet,numerous,canceled,"['{""property_type"": ""emergent""}']"
the washed out road,vehicle accessible,canceled,"['{""property_type"": ""canceled""}']"
a jackass with no training,informative,canceled,"['{""property_type"": ""canceled""}']"
a jackass with no training,improve,canceled,"['{""property_type"": ""canceled""}']"
faith without love,universal,canceled,"['{""property_type"": ""canceled""}']"
"an army without a commander, or",disciplined,canceled,"['{""property_type"": ""canceled""}']"
the career of a comet,important,canceled,"['{""property_type"": ""others""}']"
disjointed thoughts,non,canceled,"['{""property_type"": ""canceled""}']"
a voice from the grave,clear,canceled,"['{""property_type"": ""others""}']"
a stone's throw,solid,canceled,"['{""property_type"": ""component""}']"
a gun with zero bullets,projectile weapon,canceled,"['{""property_type"": ""canceled""}']"
the title of the movie,cinematic,canceled,"['{""property_type"": ""others""}']"
hands in the air,manipulative,canceled,"['{""property_type"": ""canceled""}']"
last weekend,final,canceled,"['{""property_type"": ""emergent""}']"
baked clay,soft,canceled,"['{""property_type"": ""canceled""}']"
the machines in the sky,cloudy,canceled,"['{""property_type"": ""others""}']"
a fly in a jar,hollow,canceled,"['{""property_type"": ""emergent""}']"
a dying sun,life-giving,canceled,"['{""property_type"": ""canceled""}']"
eyesockets without eyes,reflective,canceled,"['{""property_type"": ""canceled""}']"
a burnt out lightbulb,bright,canceled,"['{""property_type"": ""canceled""}']"
home prices,comfortable,canceled,"['{""property_type"": ""others""}']"
thirteen years of age,divisible,canceled,"['{""property_type"": ""component""}']"
a broken foot,supportive,canceled,"['{""property_type"": ""canceled""}']"
the pedi cabs,yellow,canceled,"['{""property_type"": ""others""}']"
a hog on ice,heavy,canceled,"['{""property_type"": ""component""}']"
a trout in a saucer,stream-dwelling,canceled,"['{""property_type"": ""component""}']"
a trapped bird,fly,canceled,"['{""property_type"": ""canceled""}']"
consumption of the lungs,necessary,canceled,"['{""property_type"": ""canceled""}']"
a boiled egg,bubble,canceled,"['{""property_type"": ""emergent""}']"
white ravens,black,canceled,"['{""property_type"": ""canceled""}']"
a china cup,large,canceled,"['{""property_type"": ""others""}']"
a rat in a box,quick,canceled,"['{""property_type"": ""component""}']"
a pole without any support,stable,canceled,"['{""property_type"": ""canceled""}']"
a boiled dog,loyal,canceled,"['{""property_type"": ""component""}']"
a tempest in a teapot,ceramic,canceled,"['{""property_type"": ""component""}']"
the fuller's earth,round,canceled,"['{""property_type"": ""others""}']"
a fixed star,restorative,canceled,"['{""property_type"": ""others""}']"
the 'tree of life,temporary,canceled,"['{""property_type"": ""others""}']"
a lettuce without water,leafy,canceled,"['{""property_type"": ""component""}']"
the remaining sun,steady,canceled,"['{""property_type"": ""others""}']"
a house falling in,living space,canceled,"['{""property_type"": ""canceled""}']"
the death eaters,omnivorous,canceled,"['{""property_type"": ""others""}']"
a walking doll,steady,canceled,"['{""property_type"": ""emergent""}']"
castles in the air,majestic,canceled,"['{""property_type"": ""others""}']"
blood onto the ground,transports nutrients and oxygen,canceled,"['{""property_type"": ""component""}']"
hog feed,social,canceled,"['{""property_type"": ""others""}']"
not swallowing poison,dangerous,canceled,"['{""property_type"": ""canceled""}']"
Pawn Stars,twinkle,canceled,"['{""property_type"": ""canceled""}']"
an animal snapping,reproduce,canceled,"['{""property_type"": ""component""}']"
a bunch of water,group,canceled,"['{""property_type"": ""emergent""}']"
a winding sheet,breezy,canceled,"['{""property_type"": ""others""}']"
a stab in the dark,forceful,canceled,"['{""property_type"": ""others""}']"
old days,bright,canceled,"['{""property_type"": ""others""}']"
an ague fit,good,canceled,"['{""property_type"": ""others""}']"
fishes in a net,alive,canceled,"['{""property_type"": ""component""}']"
a sable cloud,white,canceled,"['{""property_type"": ""canceled""}']"
the pot of gold,cook,canceled,"['{""property_type"": ""others""}']"
the old days,bright,canceled,"['{""property_type"": ""others""}']"
a moonbeam from lightning,instantaneous,canceled,"['{""property_type"": ""emergent""}']"
stuffed fox 's,nocturnal,canceled,"['{""property_type"": ""canceled""}']"
a bear with honey,fierce,canceled,"['{""property_type"": ""component""}']"
a call to arms,muscular,canceled,"['{""property_type"": ""others""}']"
a country lane,sovereign,canceled,"['{""property_type"": ""others""}']"
a chicken with no head,cerebral,canceled,"['{""property_type"": ""canceled""}']"
a girl in a bathingsuit,stretchy,canceled,"['{""property_type"": ""component""}']"
non theists,belief in god,canceled,"['{""property_type"": ""canceled""}']"
the watered lemonade,colorless,canceled,"['{""property_type"": ""canceled""}']"
a bullock under an axe,strong,canceled,"['{""property_type"": ""component""}']"
stained glass,blemish,canceled,"['{""property_type"": ""emergent""}']"
a wounded eagle,powerful,canceled,"['{""property_type"": ""component""}']"
a bad selfie,popular,canceled,"['{""property_type"": ""emergent""}']"
the earlier computer,fast,canceled,"['{""property_type"": ""canceled""}']"
the expensive kind,friendly,canceled,"['{""property_type"": ""others""}']"
an engine out of repair,restorative,canceled,"['{""property_type"": ""canceled""}']"
a butt hole,curve,canceled,"['{""property_type"": ""component""}']"
a stab in the dark,deep,canceled,"['{""property_type"": ""canceled""}']"
the water extinguishing,solvent,canceled,"['{""property_type"": ""component""}']"
debt cancelation,obligatory,canceled,"['{""property_type"": ""canceled""}']"
a dog's breath,friendly,canceled,"['{""property_type"": ""others""}']"
a blown eggshell,forceful,canceled,"['{""property_type"": ""others""}']"
an orange beside the sun,dimple,canceled,"['{""property_type"": ""component""}']"
a gasping fish,fast,canceled,"['{""property_type"": ""canceled""}']"
pizza with no cheese,topped,canceled,"['{""property_type"": ""emergent""}']"
the foliage in winter,photosynthetic,canceled,"['{""property_type"": ""canceled""}']"
a loose floorboard,unconfine,canceled,"['{""property_type"": ""emergent""}']"
the nonexistent wind,airflow,canceled,"['{""property_type"": ""canceled""}']"
a rheumatic bandage,inflame,canceled,"['{""property_type"": ""others""}']"
a punch in the face,feature,canceled,"['{""property_type"": ""emergent""}']"
swelled head,cerebral,canceled,"['{""property_type"": ""component""}']"
a trussed fowl,wing,canceled,"['{""property_type"": ""component""}']"
a boiled dog,friendly,canceled,"['{""property_type"": ""canceled""}']"
a dying beast,fast,canceled,"['{""property_type"": ""canceled""}']"
a drag car,engine,canceled,"['{""property_type"": ""component""}']"
a Dreadnought in a millpond,menacing,canceled,"['{""property_type"": ""others""}']"
the world without the sun,bright,canceled,"['{""property_type"": ""canceled""}']"
bits of cardboard,binary,canceled,"['{""property_type"": ""canceled""}']"
hand axes,perpendicular,canceled,"['{""property_type"": ""component""}']"
a peanut hull,heavy,canceled,"['{""property_type"": ""canceled""}']"
a ship in the bottle,engine-powered or sail-driven,canceled,"['{""property_type"": ""component""}']"
a photocopy of a photocopy,detail,canceled,"['{""property_type"": ""canceled""}']"
a hunted animal,reproduce,canceled,"['{""property_type"": ""component""}']"
mere artificers,basic,canceled,"['{""property_type"": ""emergent""}']"
house flippers,permanent,canceled,"['{""property_type"": ""canceled""}']"
a natural timeout,untreated,canceled,"['{""property_type"": ""emergent""}']"
a kick to the stomach,digest,canceled,"['{""property_type"": ""canceled""}']"
a rheumatic bandage,painful,canceled,"['{""property_type"": ""canceled""}']"
the coursing river,educational,canceled,"['{""property_type"": ""others""}']"
the writer giving up,creative,canceled,"['{""property_type"": ""canceled""}']"
a weird epilogue,conclusive,canceled,"['{""property_type"": ""emergent""}']"
a toy breed,colorful,canceled,"['{""property_type"": ""others""}']"
a bolt from the blue,tight,canceled,"['{""property_type"": ""others""}']"
a damp firework,explosive,canceled,"['{""property_type"": ""canceled""}']"
beaten brass,steady,canceled,"['{""property_type"": ""component""}']"
repealing taxes,reliable,canceled,"['{""property_type"": ""others""}']"
a beaten dog,repetitive,canceled,"['{""property_type"": ""canceled""}']"
the people at the bus,spacious,canceled,"['{""property_type"": ""canceled""}']"
liquid cement,durable,canceled,"['{""property_type"": ""canceled""}']"
fish in a tin,alive,canceled,"['{""property_type"": ""canceled""}']"
a cod line,no thickness,canceled,"['{""property_type"": ""canceled""}']"
weekold beer,bubbly,canceled,"['{""property_type"": ""canceled""}']"
a child abashed,playful,canceled,"['{""property_type"": ""canceled""}']"
a static radio,broadcasting,canceled,"['{""property_type"": ""canceled""}']"
an unhinged jaw,masticatory,canceled,"['{""property_type"": ""component""}']"
polite smiles,natural,canceled,"['{""property_type"": ""canceled""}']"
a winding sheet,flow,canceled,"['{""property_type"": ""emergent""}']"
drying clay,malleable,canceled,"['{""property_type"": ""canceled""}']"
cold codfish,refresh,canceled,"['{""property_type"": ""others""}']"
the president's base,authoritative,canceled,"['{""property_type"": ""emergent""}']"
the broken bridge,structural,canceled,"['{""property_type"": ""component""}']"
motion without matter,physical,canceled,"['{""property_type"": ""canceled""}']"
a chicken without a head,cerebral,canceled,"['{""property_type"": ""canceled""}']"
tempting fate,predetermine,canceled,"['{""property_type"": ""canceled""}']"
flogged children,inquisitive,canceled,"['{""property_type"": ""canceled""}']"
jackals before the lion,fierce,canceled,"['{""property_type"": ""emergent""}']"
stained glass,clear,canceled,"['{""property_type"": ""canceled""}']"
second life,real,canceled,"['{""property_type"": ""canceled""}']"
an unwound clock,relax,canceled,"['{""property_type"": ""emergent""}']"
six feet of earth,spherical,canceled,"['{""property_type"": ""canceled""}']"
the back of a knife,cut,canceled,"['{""property_type"": ""canceled""}']"
a dogs urinal,faithful,canceled,"['{""property_type"": ""others""}']"
the hands of the dead,dexterous,canceled,"['{""property_type"": ""canceled""}']"
a chair without legs,comfortable,canceled,"['{""property_type"": ""canceled""}']"
ditch water,clear,canceled,"['{""property_type"": ""canceled""}']"
the curate's egg,organize,canceled,"['{""property_type"": ""others""}']"
a marriage without inclination,tilt,canceled,"['{""property_type"": ""canceled""}']"
a hundred flights of stairs,natural,canceled,"['{""property_type"": ""others""}']"
vice from virtue,ethical,canceled,"['{""property_type"": ""canceled""}']"
snow at midsummer,festive,canceled,"['{""property_type"": ""emergent""}']"
a steel spring,warm,canceled,"['{""property_type"": ""others""}']"
a deer in headlights,quick,canceled,"['{""property_type"": ""canceled""}']"
soggy hammers,hard,canceled,"['{""property_type"": ""component""}']"
a stone boat,float,canceled,"['{""property_type"": ""canceled""}']"
an English squire,write,canceled,"['{""property_type"": ""others""}']"
a rock at the moment,significant,canceled,"['{""property_type"": ""others""}']"
living rooms,active,canceled,"['{""property_type"": ""emergent""}']"
a lead cheese,edible,canceled,"['{""property_type"": ""canceled""}']"
a bridge to nowhere,connection,canceled,"['{""property_type"": ""canceled""}']"
a dictionary without words,important,canceled,"['{""property_type"": ""canceled""}']"
a face without a nose,human,canceled,"['{""property_type"": ""component""}']"
a stake through the heart,pump,canceled,"['{""property_type"": ""canceled""}']"
a tree coming down,living organism,canceled,"['{""property_type"": ""component""}']"
a fish on a hook,Swim,canceled,"['{""property_type"": ""canceled""}']"
walking advertisements,attention-grabbing,component,"['{""property_type"": ""emergent""}']"
a furnace glow,intense heat,component,"['{""property_type"": ""emergent""}']"
a missing puzzle,incomplete,component,"['{""property_type"": ""emergent""}']"
chinese cities,polluted,component,"['{""property_type"": ""emergent""}']"
the prow of night,dark,component,"['{""property_type"": ""emergent""}']"
a house brick,heavy,component,"['{""property_type"": ""component""}']"
nightmare stuff,scary,component,"['{""property_type"": ""emergent""}']"
dumb people,lacking intelligence,component,"['{""property_type"": ""component""}']"
a mouthful of pennies,metallic,component,"['{""property_type"": ""component""}']"
the bats beneath the eaves,nocturnal,component,"['{""property_type"": ""component""}']"
a sudden blow,unexpected,component,"['{""property_type"": ""emergent""}']"
an amused kid,entertained,component,"['{""property_type"": ""emergent""}']"
fifty bucks a year,cost,component,"['{""property_type"": ""emergent""}']"
a sharpie marker,long-lasting,component,"['{""property_type"": ""component""}']"
the first dream,original,component,"['{""property_type"": ""emergent""}']"
pizza supper,hot,component,"['{""property_type"": ""component""}']"
the central figures,importance,component,"['{""property_type"": ""emergent""}']"
rival empires,hostile,component,"['{""property_type"": ""emergent""}']"
enraged bulls,fierce,component,"['{""property_type"": ""component""}']"
vague lyrics,not specific,component,"['{""property_type"": ""component""}']"
the sides of the pinnacle,steep,component,"['{""property_type"": ""component""}']"
"a caricature, lol",exaggerated,component,"['{""property_type"": ""emergent""}']"
a sheet of paper,thin,component,"['{""property_type"": ""component""}']"
house roofs,slanted,component,"['{""property_type"": ""component""}']"
a sprinter out of the blocks,agile,component,"['{""property_type"": ""emergent""}']"
the irs guy,intimidating,component,"['{""property_type"": ""emergent""}']"
the noise disturbance,annoying,component,"['{""property_type"": ""emergent""}']"
yard ornaments,decorative,component,"['{""property_type"": ""emergent""}']"
a polished mirror,reflective,component,"['{""property_type"": ""component""}']"
soiled diapers,replaced,component,"['{""property_type"": ""emergent""}']"
a lark in the morning,melodious,component,"['{""property_type"": ""component""}']"
the debt overhang,burdensome,component,"['{""property_type"": ""emergent""}']"
life on shipboard,cramped,component,"['{""property_type"": ""emergent""}']"
a hastening waterfowl,quick,component,"['{""property_type"": ""emergent""}']"
the main manufacturers,controlling prices,component,"['{""property_type"": ""emergent""}']"
a victorious thing,successful,component,"['{""property_type"": ""emergent""}']"
a dog's face,expressive,component,"['{""property_type"": ""emergent""}']"
how a video character,virtual,component,"['{""property_type"": ""emergent""}']"
a monkey at a zoo,exhibited,component,"['{""property_type"": ""emergent""}']"
the mormons on a mission,devout,component,"['{""property_type"": ""component""}']"
a captioning contest,creative,component,"['{""property_type"": ""emergent""}']"
"bits of coral ,",fragile,component,"['{""property_type"": ""component""}']"
the memory of the kiss,sweet,component,"['{""property_type"": ""emergent""}']"
mortal women,need to eat,component,"['{""property_type"": ""component""}']"
"the old masters,",revered,component,"['{""property_type"": ""emergent""}']"
decent beer,drinkable,component,"['{""property_type"": ""component""}']"
a goddamn ghost,elusiveness,component,"['{""property_type"": ""emergent""}']"
the fiercest of cayenne,spicy,component,"['{""property_type"": ""component""}']"
the old dirt,weathered,component,"['{""property_type"": ""component""}']"
a loving parent,caring,component,"['{""property_type"": ""emergent""}']"
a gentle whisper,soft,component,"['{""property_type"": ""component""}']"
a buckwheat cake,gluten-free,component,"['{""property_type"": ""emergent""}']"
trivial questions,unimportant,component,"['{""property_type"": ""emergent""}']"
a flesh cape,draping,component,"['{""property_type"": ""emergent""}']"
the best lemonade,refreshing,component,"['{""property_type"": ""emergent""}']"
a busted hinge,broken,component,"['{""property_type"": ""emergent""}']"
a beginners class,introductory,component,"['{""property_type"": ""component""}']"
vaccination for smallpox,protective,component,"['{""property_type"": ""emergent""}']"
a reactor in meltdown,hot,component,"['{""property_type"": ""emergent""}']"
a shattered egg,fragile,component,"['{""property_type"": ""canceled""}']"
a slab of metal,heavy,component,"['{""property_type"": ""component""}']"
a creepy vibe,unsettling,component,"['{""property_type"": ""emergent""}']"
a church pillar,tall,component,"['{""property_type"": ""component""}']"
a lady's fan,decorative,component,"['{""property_type"": ""component""}']"
a dramatic exit,attention-grabbing,component,"['{""property_type"": ""emergent""}']"
a revving motor,loud,component,"['{""property_type"": ""emergent""}']"
hot primroses,pleasant scent,component,"['{""property_type"": ""component""}']"
incidental notices,additional,component,"['{""property_type"": ""emergent""}']"
a quarry floor,rough,component,"['{""property_type"": ""component""}']"
American imperialism,exploitative,component,"['{""property_type"": ""emergent""}']"
a drilled soldier,disciplined,component,"['{""property_type"": ""emergent""}']"
the next sun,rises in the east,component,"['{""property_type"": ""component""}']"
foam bats,not dangerous,component,"['{""property_type"": ""emergent""}']"
a kid 's fist,clenched,component,"['{""property_type"": ""component""}']"
a hunted creature,vulnerable,component,"['{""property_type"": ""emergent""}']"
mere gauze,soft,component,"['{""property_type"": ""component""}']"
premium chicken,high quality,component,"['{""property_type"": ""emergent""}']"
a car on the freeway,fast,component,"['{""property_type"": ""emergent""}']"
a drunken horse,lack of gracefulness,component,"['{""property_type"": ""emergent""}']"
the beginning of understanding,foundational,component,"['{""property_type"": ""emergent""}']"
a dive watch,high water resistance,component,"['{""property_type"": ""component""}']"
the dawning light,beautiful,component,"['{""property_type"": ""emergent""}']"
a harpoon's dart,detachable,component,"['{""property_type"": ""component""}']"
the stars in the heavens,distant,component,"['{""property_type"": ""component""}']"
the troop of brigands,threatening,component,"['{""property_type"": ""emergent""}']"
Indian cheese,similar to paneer,component,"['{""property_type"": ""component""}']"
the boss baby,bossy,component,"['{""property_type"": ""emergent""}']"
a meteor at the top,fast movement,component,"['{""property_type"": ""component""}']"
a battered doll,mistreated,component,"['{""property_type"": ""emergent""}']"
a skunk in heat,pungent odor,component,"['{""property_type"": ""emergent""}']"
circus seals,trained,component,"['{""property_type"": ""emergent""}']"
the white      soldiers,bravery,component,"['{""property_type"": ""others""}']"
a concrete wall,rigid,component,"['{""property_type"": ""component""}']"
a cedar bush,aromatic,component,"['{""property_type"": ""component""}']"
a shepherds stick,wooden,component,"['{""property_type"": ""component""}']"
a warm mattress,comfort,component,"['{""property_type"": ""emergent""}']"
a plain idiot,lacking intelligence,component,"['{""property_type"": ""component""}']"
cold honey,sticky,component,"['{""property_type"": ""component""}']"
the king 's palace,luxurious,component,"['{""property_type"": ""component""}']"
an ant 's ass,tiny,component,"['{""property_type"": ""component""}']"
an extra punishment,additional,component,"['{""property_type"": ""emergent""}']"
a ghost existing,unlikely,component,"['{""property_type"": ""emergent""}']"
a little lion,fearless,component,"['{""property_type"": ""component""}']"
a trained salesperson,persuasive,component,"['{""property_type"": ""component""}']"
experienced conspirators,skilled in plotting schemes,component,"['{""property_type"": ""emergent""}']"
a dropped cloak,fallen,component,"['{""property_type"": ""emergent""}']"
the course of an arrow,straight,component,"['{""property_type"": ""component""}']"
a ride at a carnival,thrilling,component,"['{""property_type"": ""emergent""}']"
a little sun,emitting light,component,"['{""property_type"": ""component""}']"
a philosophical movement,thought-provoking,component,"['{""property_type"": ""emergent""}']"
morning dew,refreshing,component,"['{""property_type"": ""emergent""}']"
lukewarm tea,unexciting,component,"['{""property_type"": ""emergent""}']"
a humorist and satirist,witty,component,"['{""property_type"": ""component""}']"
the enemy beasts,savagery,component,"['{""property_type"": ""component""}']"
a traditional mortgage,secured against the value of the property,component,"['{""property_type"": ""emergent""}']"
job burnout,exhausted,component,"['{""property_type"": ""emergent""}']"
a steam factory,polluting,component,"['{""property_type"": ""emergent""}']"
the video vignettes,short,component,"['{""property_type"": ""component""}']"
a blushing beet,red,component,"['{""property_type"": ""component""}']"
cold turtle,slow-moving,component,"['{""property_type"": ""component""}']"
total superbowls,number of wins,component,"['{""property_type"": ""emergent""}']"
baby butter,soft,component,"['{""property_type"": ""component""}']"
the shaft of a feather,lightweight,component,"['{""property_type"": ""component""}']"
an error in the system,a mistake,component,"['{""property_type"": ""emergent""}']"
the American voter,not very socialist,component,"['{""property_type"": ""emergent""}']"
the prow of a ship,protruding,component,"['{""property_type"": ""component""}']"
tigers in a jungle,ferocious,component,"['{""property_type"": ""component""}']"
an unruly mare,difficult to control,component,"['{""property_type"": ""emergent""}']"
a holiday postcard,picturesque,component,"['{""property_type"": ""component""}']"
the teeth in the picture,white,component,"['{""property_type"": ""component""}']"
the light of a firefly,fades quickly,component,"['{""property_type"": ""emergent""}']"
little movies,small-scale,component,"['{""property_type"": ""emergent""}']"
an image of a saint,revered,component,"['{""property_type"": ""others""}']"
a white screen,blank,component,"['{""property_type"": ""emergent""}']"
two charging bulls,ferocious,component,"['{""property_type"": ""emergent""}']"
the boundaries of the nation,defined,component,"['{""property_type"": ""emergent""}']"
the cold of winter,chilliness,component,"['{""property_type"": ""emergent""}']"
a maiden's dream,romantic,component,"['{""property_type"": ""emergent""}']"
the middle of winter,cold,component,"['{""property_type"": ""emergent""}']"
an act of charity,selfless,component,"['{""property_type"": ""emergent""}']"
a hog in armour,well-protected,component,"['{""property_type"": ""canceled""}']"
a brunette cat,dark-haired,component,"['{""property_type"": ""component""}']"
the grip on a handgun,textured,component,"['{""property_type"": ""component""}']"
a perfect symphony,harmonious,component,"['{""property_type"": ""emergent""}']"
a man in prison,restricted,component,"['{""property_type"": ""emergent""}']"
doors without problem,functioning properly,component,"['{""property_type"": ""emergent""}']"
the theatrical carpenter,experienced,component,"['{""property_type"": ""others""}']"
common folks,unsophisticated,component,"['{""property_type"": ""emergent""}']"
a doves coo,soothing,component,"['{""property_type"": ""emergent""}']"
a plastic taco,inauthentic,component,"['{""property_type"": ""emergent""}']"
a brute beast,lack of feeling,component,"['{""property_type"": ""emergent""}']"
the gas flame,red,component,"['{""property_type"": ""emergent""}']"
the sound of the moment,ephemeral,component,"['{""property_type"": ""emergent""}']"
the wind from the lake,refreshing,component,"['{""property_type"": ""emergent""}']"
the skins of leopards,spotted,component,"['{""property_type"": ""component""}']"
the mountaineer guides,leadership,component,"['{""property_type"": ""emergent""}']"
"a lesbian proposal,",intimate,component,"['{""property_type"": ""emergent""}']"
a million pounds of feathers,light,component,"['{""property_type"": ""emergent""}']"
the spilt wine,red,component,"['{""property_type"": ""component""}']"
a floating house,buoyant,component,"['{""property_type"": ""emergent""}']"
cactus growths,spiky,component,"['{""property_type"": ""component""}']"
a personal crusade,strong commitment,component,"['{""property_type"": ""emergent""}']"
"a tropical breeze,",refreshing,component,"['{""property_type"": ""emergent""}']"
baby 's breath,warm,component,"['{""property_type"": ""others""}']"
cold mutton,uninspiring,component,"['{""property_type"": ""emergent""}']"
clock work,regular,component,"['{""property_type"": ""emergent""}']"
English misery,sadness,component,"['{""property_type"": ""emergent""}']"
more spices,plentiful,component,"['{""property_type"": ""emergent""}']"
a natural morphine,pain-killing,component,"['{""property_type"": ""component""}']"
the lashing of the wind,strong,component,"['{""property_type"": ""emergent""}']"
a restaurant girl,works in a restaurant setting,component,"['{""property_type"": ""emergent""}']"
stars in a cartoon,twinkling,component,"['{""property_type"": ""emergent""}']"
the fresh manure,odoriferous,component,"['{""property_type"": ""component""}']"
a wet swab,moist,component,"['{""property_type"": ""emergent""}']"
chicken daddy,tastes like chicken,component,"['{""property_type"": ""component""}']"
a couple of rounds,few,component,"['{""property_type"": ""emergent""}']"
diet dew,low-calorie,component,"['{""property_type"": ""emergent""}']"
a duck's foot,webbed,component,"['{""property_type"": ""component""}']"
a romance book,idealized,component,"['{""property_type"": ""component""}']"
a marble image,rigid,component,"['{""property_type"": ""component""}']"
the lemon party,zesty,component,"['{""property_type"": ""others""}']"
a deleted email,recoverable,component,"['{""property_type"": ""canceled""}']"
a backwards knee,bent,component,"['{""property_type"": ""component""}']"
Amazing work,amazing,component,"['{""property_type"": ""component""}']"
one artist's work,unique,component,"['{""property_type"": ""emergent""}']"
the introduction except backwards,reverse order,component,"['{""property_type"": ""emergent""}']"
a big eclair,appetizing,component,"['{""property_type"": ""emergent""}']"
the construction of the building,carefully planned,component,"['{""property_type"": ""emergent""}']"
an arctic glacier,frigid,component,"['{""property_type"": ""component""}']"
an elephants foot,sturdy,component,"['{""property_type"": ""component""}']"
the truck textures,tactile,component,"['{""property_type"": ""component""}']"
cherry cola,tastes like cherry,component,"['{""property_type"": ""emergent""}']"
poplar leaves,green,component,"['{""property_type"": ""component""}']"
a cattle drover,skilled at herding animals,component,"['{""property_type"": ""emergent""}']"
an entire galaxy,vast,component,"['{""property_type"": ""emergent""}']"
an untreated wound,worsen if left unattended,component,"['{""property_type"": ""emergent""}']"
a midget arm,short,component,"['{""property_type"": ""component""}']"
a spectre in the distance,eerie,component,"['{""property_type"": ""emergent""}']"
a ventriloquist puppet,manipulated,component,"['{""property_type"": ""emergent""}']"
a wild bunny,furry,component,"['{""property_type"": ""component""}']"
a girl since gender,feminine,component,"['{""property_type"": ""component""}']"
seats on a bus,replaceable,component,"['{""property_type"": ""emergent""}']"
old lions,fierceness,component,"['{""property_type"": ""component""}']"
a fresh jalapeno,spicy,component,"['{""property_type"": ""component""}']"
a saint of humanity,kind,component,"['{""property_type"": ""emergent""}']"
a pile of marbles,disordered,component,"['{""property_type"": ""emergent""}']"
a blast of wind,swift,component,"['{""property_type"": ""emergent""}']"
a personal problem,private,component,"['{""property_type"": ""component""}']"
sandpaper against paper,abrasive,component,"['{""property_type"": ""component""}']"
a person with one head,single-headed,component,"['{""property_type"": ""component""}']"
evening airs,cool,component,"['{""property_type"": ""emergent""}']"
the exterior of the house,weathered,component,"['{""property_type"": ""emergent""}']"
the machinery of the party,organized,component,"['{""property_type"": ""emergent""}']"
the first expression,original,component,"['{""property_type"": ""emergent""}']"
an ordinary routine,boring,component,"['{""property_type"": ""emergent""}']"
a child 's breath,sweet,component,"['{""property_type"": ""emergent""}']"
the superman of rabbits,fast,component,"['{""property_type"": ""emergent""}']"
a scared sheep,timid,component,"['{""property_type"": ""component""}']"
rich cream,thick,component,"['{""property_type"": ""component""}']"
a newborn filly,easily frightened,component,"['{""property_type"": ""emergent""}']"
mere glass,fragile,component,"['{""property_type"": ""component""}']"
an infant's palm,soft,component,"['{""property_type"": ""component""}']"
tiny burns,painful,component,"['{""property_type"": ""emergent""}']"
a genuine lion,ferocious,component,"['{""property_type"": ""component""}']"
huge spiders '',large,component,"['{""property_type"": ""component""}']"
a young fir,green,component,"['{""property_type"": ""component""}']"
a pumping heart,throbbing,component,"['{""property_type"": ""emergent""}']"
an empty cask,devoid of moisture,component,"['{""property_type"": ""emergent""}']"
a person in a trance,unaware,component,"['{""property_type"": ""emergent""}']"
a little bump,minor,component,"['{""property_type"": ""component""}']"
denim pants,blue,component,"['{""property_type"": ""component""}']"
the orchard outside,lush,component,"['{""property_type"": ""emergent""}']"
"the history of antisemitism,",troubling,component,"['{""property_type"": ""emergent""}']"
the kissing part,enjoyable,component,"['{""property_type"": ""emergent""}']"
a sum in arithmetic,calculated,component,"['{""property_type"": ""emergent""}']"
a barnacle on a keel,firmly attached,component,"['{""property_type"": ""emergent""}']"
longer legs,better suited for walking long distances quickly,component,"['{""property_type"": ""emergent""}']"
"grandsons to dear,",cherished,component,"['{""property_type"": ""emergent""}']"
an eagle 's talon,claw-like,component,"['{""property_type"": ""component""}']"
a rippled bodybuilder,muscular,component,"['{""property_type"": ""component""}']"
a large rowboat,spacious,component,"['{""property_type"": ""emergent""}']"
a weaver's shuttle,quick movements,component,"['{""property_type"": ""emergent""}']"
bricks and stones,inanimate,component,"['{""property_type"": ""component""}']"
streams of fire,scorching,component,"['{""property_type"": ""emergent""}']"
obese dolphins,slow-moving,component,"['{""property_type"": ""emergent""}']"
a frozen corpse,cold,component,"['{""property_type"": ""emergent""}']"
an unoccupied room,emptiness,component,"['{""property_type"": ""emergent""}']"
polished stone,smooth,component,"['{""property_type"": ""emergent""}']"
the onset of rain,sudden,component,"['{""property_type"": ""emergent""}']"
glowing maws,emitting light,component,"['{""property_type"": ""emergent""}']"
the rain in the air,unsteady,others,"['{""property_type"": ""emergent""}']"
a child abashed,wing,others,"['{""property_type"": ""others""}']"
a spent runner,offensive,others,"['{""property_type"": ""others""}']"
a villager under ice,fly,others,"['{""property_type"": ""canceled""}']"
a fire cracker,empty,others,"['{""property_type"": ""canceled""}']"
a trained salesperson,tough,others,"['{""property_type"": ""emergent""}']"
scorpions in a bottle,sting,others,"['{""property_type"": ""component""}']"
a kid 's fist,connection,others,"['{""property_type"": ""emergent""}']"
a cat in a bag,devout,others,"['{""property_type"": ""others""}']"
wax work,transports nutrients and oxygen,others,"['{""property_type"": ""others""}']"
a trout in a saucer,repetitive,others,"['{""property_type"": ""others""}']"
a ball down the hill,unexpected,others,"['{""property_type"": ""emergent""}']"
old lions,undesirable,others,"['{""property_type"": ""emergent""}']"
statue of limitations,soft,others,"['{""property_type"": ""others""}']"
a distant bell,expressive,others,"['{""property_type"": ""emergent""}']"
half the egg roll,heavy,others,"['{""property_type"": ""canceled""}']"
an eagle 's talon,firmly attached,others,"['{""property_type"": ""component""}']"
a man down rapids,slow,others,"['{""property_type"": ""canceled""}']"
an exchange of amenities,dissimilar,others,"['{""property_type"": ""emergent""}']"
an animal snapping,universal,others,"['{""property_type"": ""others""}']"
a broken foot,grating,others,"['{""property_type"": ""emergent""}']"
doors without problem,low-calorie,others,"['{""property_type"": ""others""}']"
living rooms,not dangerous,others,"['{""property_type"": ""emergent""}']"
a jack out of a box,divisible,others,"['{""property_type"": ""component""}']"
bacon and vodka,importance,others,"['{""property_type"": ""others""}']"
a white crow,deep,others,"['{""property_type"": ""others""}']"
poplar leaves,engine-powered or sail-driven,others,"['{""property_type"": ""others""}']"
a polite cough,not very socialist,others,"['{""property_type"": ""others""}']"
the awful possibility,well,others,"['{""property_type"": ""others""}']"
decent beer,hard-working,others,"['{""property_type"": ""others""}']"
beaten brass,stressful,others,"['{""property_type"": ""others""}']"
the first expression,temporary,others,"['{""property_type"": ""emergent""}']"
the waiters whatever quinn was up to,exhausted,others,"['{""property_type"": ""others""}']"
the mountains of the moon,restorative,others,"['{""property_type"": ""others""}']"
a collector's item,no thickness,others,"['{""property_type"": ""others""}']"
a used glove,group,others,"['{""property_type"": ""others""}']"
soggy hammers,offensive,others,"['{""property_type"": ""others""}']"
an engine out of repair,inferior,others,"['{""property_type"": ""emergent""}']"
consumption of the lungs,loyal,others,"['{""property_type"": ""others""}']"
a bear with honey,bright,others,"['{""property_type"": ""others""}']"
a snake in a tube,futile,others,"['{""property_type"": ""emergent""}']"
the velocity of sound,spicy,others,"['{""property_type"": ""others""}']"
an engine out of repair,creative,others,"['{""property_type"": ""others""}']"
an eagle 's talon,dexterous,others,"['{""property_type"": ""emergent""}']"
baby butter,fades quickly,others,"['{""property_type"": ""emergent""}']"
a bucket of piss,hollow,others,"['{""property_type"": ""component""}']"
repealing taxes,unaware,others,"['{""property_type"": ""others""}']"
a spent runner,cramped,others,"['{""property_type"": ""emergent""}']"
flogged children,unstructured,others,"['{""property_type"": ""canceled""}']"
a steel spring,alive,others,"['{""property_type"": ""others""}']"
ones parents,agile,others,"['{""property_type"": ""others""}']"
the odour of fish,spicy,others,"['{""property_type"": ""others""}']"
the old days,gape,others,"['{""property_type"": ""others""}']"
a lark in the morning,fragile,others,"['{""property_type"": ""others""}']"
a china cup,living organism,others,"['{""property_type"": ""others""}']"
a natural morphine,gluten-free,others,"['{""property_type"": ""others""}']"
a warm mattress,quiet,others,"['{""property_type"": ""component""}']"
the stained glass,dissonant,others,"['{""property_type"": ""emergent""}']"
a rheumatic bandage,draw,others,"['{""property_type"": ""others""}']"
ill preparation,wing,others,"['{""property_type"": ""others""}']"
southerners in the snow,unstoppable,others,"['{""property_type"": ""emergent""}']"
a sheet of paper,shelter,others,"['{""property_type"": ""canceled""}']"
a drilled soldier,conceite,others,"['{""property_type"": ""others""}']"
a steamer without coal,well,others,"['{""property_type"": ""canceled""}']"
ill preparation,not real,others,"['{""property_type"": ""others""}']"
vague lyrics,forceful,others,"['{""property_type"": ""canceled""}']"
a little bump,useless,others,"['{""property_type"": ""emergent""}']"
a man possessed,sadness,others,"['{""property_type"": ""emergent""}']"
a spectre in the distance,brittle,others,"['{""property_type"": ""others""}']"
a stone from a catapult,functioning properly,others,"['{""property_type"": ""emergent""}']"
the pot of gold,edible,others,"['{""property_type"": ""others""}']"
water down a drain,narrow,others,"['{""property_type"": ""canceled""}']"
job burnout,fallen,others,"['{""property_type"": ""canceled""}']"
a vampire movie,timid,others,"['{""property_type"": ""others""}']"
the middle of winter,non,others,"['{""property_type"": ""others""}']"
a stuffed turkey,impractical,others,"['{""property_type"": ""emergent""}']"
the sound of the moment,persuasive,others,"['{""property_type"": ""emergent""}']"
a wooden woman,soft,others,"['{""property_type"": ""canceled""}']"
mere artificers,uninspire,others,"['{""property_type"": ""emergent""}']"
an orange beside the sun,ceramic,others,"['{""property_type"": ""others""}']"
a bat out of a sunrise,sacrificial,others,"['{""property_type"": ""others""}']"
puppies and wolves,strong,others,"['{""property_type"": ""emergent""}']"
a spent runner,soft,others,"['{""property_type"": ""canceled""}']"
an honest politician,regular,others,"['{""property_type"": ""canceled""}']"
a voice from the grave,impractical,others,"['{""property_type"": ""emergent""}']"
a voice from the grave,frantic,others,"['{""property_type"": ""emergent""}']"
voices of a stream,unreliable,others,"['{""property_type"": ""emergent""}']"
doors without problem,minor,others,"['{""property_type"": ""canceled""}']"
a box of frogs,empty,others,"['{""property_type"": ""canceled""}']"
cold honey,pain-killing,others,"['{""property_type"": ""others""}']"
night from day,colorful,others,"['{""property_type"": ""canceled""}']"
a doves coo,better suited for walking long distances quickly,others,"['{""property_type"": ""others""}']"
a restaurant girl,obsolete,others,"['{""property_type"": ""others""}']"
a cod line,struggle,others,"['{""property_type"": ""emergent""}']"
a conflict of interest,unimportant,others,"['{""property_type"": ""canceled""}']"
fridge fruit,metallic,others,"['{""property_type"": ""canceled""}']"
a needle in the haystack,cotton,others,"['{""property_type"": ""canceled""}']"
a rheumatic bandage,sticky,others,"['{""property_type"": ""others""}']"
a cribhouse whore,in need of rescue,others,"['{""property_type"": ""others""}']"
bees to blossoms,low-calorie,others,"['{""property_type"": ""others""}']"
the irs guy,distracting,others,"['{""property_type"": ""emergent""}']"
a newborn filly,better suited for walking long distances quickly,others,"['{""property_type"": ""canceled""}']"
a ship in the bottle,explosive,others,"['{""property_type"": ""others""}']"
a pole without any support,abandon,others,"['{""property_type"": ""emergent""}']"
drying clay,natural,others,"['{""property_type"": ""component""}']"
a little sun,caring,others,"['{""property_type"": ""others""}']"
two pies to the face and,subversive,others,"['{""property_type"": ""emergent""}']"
one surgeon on a battlefield,frigid,others,"['{""property_type"": ""others""}']"
a snake in the grass,buoyant,others,"['{""property_type"": ""others""}']"
an ordinary routine,unexciting,others,"['{""property_type"": ""emergent""}']"
the old days,fictional,others,"['{""property_type"": ""others""}']"
the moral law,photosynthetic,others,"['{""property_type"": ""others""}']"
a stuffed crocodile,not bright,others,"['{""property_type"": ""component""}']"
an apple on a toothpick,wooden,others,"['{""property_type"": ""component""}']"
a rope out of the coil,uninspire,others,"['{""property_type"": ""others""}']"
vegetables vs twinkies,calculated,others,"['{""property_type"": ""others""}']"
a pub without beer,steady,others,"['{""property_type"": ""canceled""}']"
a restaurant girl,suspenseful,others,"['{""property_type"": ""others""}']"
a jackass with no training,unwieldy,others,"['{""property_type"": ""emergent""}']"
lions in a pride,narrow,others,"['{""property_type"": ""canceled""}']"
the main manufacturers,emptiness,others,"['{""property_type"": ""others""}']"
a hog in slop,bubble,others,"['{""property_type"": ""emergent""}']"
a beaten dog,dissimilar,others,"['{""property_type"": ""others""}']"
house roofs,threatening,others,"['{""property_type"": ""others""}']"
a bat out of a sunrise,soft,others,"['{""property_type"": ""canceled""}']"
a voice from the grave,significant,others,"['{""property_type"": ""emergent""}']"
a cat in a bag,recoverable,others,"['{""property_type"": ""emergent""}']"
a man in a fit,exploit,others,"['{""property_type"": ""emergent""}']"
a stuffed crocodile,destructive,others,"['{""property_type"": ""canceled""}']"
a boardinghouse steak,fast,others,"['{""property_type"": ""emergent""}']"
wax work,emptiness,others,"['{""property_type"": ""emergent""}']"
a wall of text,non,others,"['{""property_type"": ""others""}']"
the land of the dead,fast,others,"['{""property_type"": ""others""}']"
a wet poodle,unsophisticated,others,"['{""property_type"": ""others""}']"
the central figures,necessary,others,"['{""property_type"": ""emergent""}']"
a church mouse,ridiculous,others,"['{""property_type"": ""others""}']"
eyesockets without eyes,sudden,others,"['{""property_type"": ""others""}']"
the wind from the lake,bright,others,"['{""property_type"": ""others""}']"
mere gauze,fast,others,"['{""property_type"": ""others""}']"
a couple of rounds,unpleasant,others,"['{""property_type"": ""emergent""}']"
snow at midsummer,trained,others,"['{""property_type"": ""others""}']"
puppies and wolves,works in a restaurant setting,others,"['{""property_type"": ""canceled""}']"
a hair shirt,fulfil,others,"['{""property_type"": ""emergent""}']"
a restaurant girl,discard,others,"['{""property_type"": ""others""}']"
ditch water,exploit,others,"['{""property_type"": ""others""}']"
a wet swab,startle,others,"['{""property_type"": ""others""}']"
the irs guy,sovereign,others,"['{""property_type"": ""others""}']"
a skein of smoke,foundational,others,"['{""property_type"": ""others""}']"
mere artificers,soft,others,"['{""property_type"": ""others""}']"
disjointed thoughts,light,others,"['{""property_type"": ""others""}']"
the pedi cabs,quick movements,others,"['{""property_type"": ""emergent""}']"
a fixed star,organize,others,"['{""property_type"": ""others""}']"
the hills in summer,comfort,others,"['{""property_type"": ""emergent""}']"
tempting fate,upright,others,"['{""property_type"": ""others""}']"
two horny teenagers,idealize,others,"['{""property_type"": ""emergent""}']"
a spent runner,friendly,others,"['{""property_type"": ""others""}']"
two horny teenagers,detachable,others,"['{""property_type"": ""others""}']"
a goddamn ghost,immobile,others,"['{""property_type"": ""others""}']"
a tooth of iron,significant,others,"['{""property_type"": ""others""}']"
pizza with no cheese,decorative,others,"['{""property_type"": ""others""}']"
a poke in the eye,cerebral,others,"['{""property_type"": ""canceled""}']"
the moral law,precarious,others,"['{""property_type"": ""emergent""}']"
enraged bulls,obvious,others,"['{""property_type"": ""others""}']"
breaking tradition,tolerant,others,"['{""property_type"": ""emergent""}']"
a warm mattress,curious,others,"['{""property_type"": ""others""}']"
a barnacle on a keel,tiny,others,"['{""property_type"": ""component""}']"
a goddamn ghost,topped,others,"['{""property_type"": ""others""}']"
a voice from the grave,embarrass,others,"['{""property_type"": ""emergent""}']"
the tiny birds,rigid,others,"['{""property_type"": ""others""}']"
morning dew,disparate,others,"['{""property_type"": ""emergent""}']"
water down a drain,ethical,others,"['{""property_type"": ""others""}']"
the photo on the box,photosynthetic,others,"['{""property_type"": ""others""}']"
an entire galaxy,rigid,others,"['{""property_type"": ""others""}']"
the elephant on the table,transient,others,"['{""property_type"": ""emergent""}']"
a drunken horse,better suited for walking long distances quickly,others,"['{""property_type"": ""canceled""}']"
stuffed fox 's,malleable,others,"['{""property_type"": ""emergent""}']"
a mare in heat,soft,others,"['{""property_type"": ""component""}']"
a thousand dollars for one outfit,colorless,others,"['{""property_type"": ""others""}']"
a lettuce without water,clear,others,"['{""property_type"": ""canceled""}']"
an extra punishment,simple,others,"['{""property_type"": ""canceled""}']"
polite smiles,drinkable,others,"['{""property_type"": ""others""}']"
stuffed fox 's,spicy,others,"['{""property_type"": ""others""}']"
a ladys voice,exaggerated,others,"['{""property_type"": ""others""}']"
a natural timeout,real,others,"['{""property_type"": ""emergent""}']"
the moral law,refreshing,others,"['{""property_type"": ""others""}']"
the old days,beautiful,others,"['{""property_type"": ""others""}']"
a damp firework,time,others,"['{""property_type"": ""others""}']"
the silk merchant's,refreshing,others,"['{""property_type"": ""others""}']"
a mouthful of pennies,not bright,others,"['{""property_type"": ""canceled""}']"
a man possessed,hot,others,"['{""property_type"": ""others""}']"
an untreated wound,unaware,others,"['{""property_type"": ""others""}']"
the feet of the fly,soothe,others,"['{""property_type"": ""others""}']"
the career of a comet,ferocious,others,"['{""property_type"": ""others""}']"
the fuller's earth,excite,others,"['{""property_type"": ""others""}']"
hot primroses,decorative,others,"['{""property_type"": ""emergent""}']"
a blast of wind,bright,others,"['{""property_type"": ""others""}']"
a tooth of iron,masticatory,others,"['{""property_type"": ""component""}']"
the lemon party,red,others,"['{""property_type"": ""others""}']"
premium chicken,bright,others,"['{""property_type"": ""others""}']"
lions in a pride,relax,others,"['{""property_type"": ""emergent""}']"
a revving motor,wing,others,"['{""property_type"": ""others""}']"
a goddamn ghost,stream-dwelling,others,"['{""property_type"": ""others""}']"
a spring out of the soybeans,irresistibly,others,"['{""property_type"": ""others""}']"
a girl since gender,short,others,"['{""property_type"": ""others""}']"
a villager under ice,soft,others,"['{""property_type"": ""component""}']"
blind patriotism,introductory,others,"['{""property_type"": ""others""}']"
witch trials,unreliable,others,"['{""property_type"": ""emergent""}']"
the water extinguishing,popular,others,"['{""property_type"": ""others""}']"
the elephant in the room,emptiness,others,"['{""property_type"": ""canceled""}']"
night from day,single,others,"['{""property_type"": ""emergent""}']"
a winding sheet,carefully planned,others,"['{""property_type"": ""others""}']"
a slab of metal,well,others,"['{""property_type"": ""others""}']"
swelled head,rare,others,"['{""property_type"": ""emergent""}']"
a sprinter out of the blocks,festive,others,"['{""property_type"": ""others""}']"
a blown eggshell,fantastical,others,"['{""property_type"": ""others""}']"
a man down rapids,manipulative,others,"['{""property_type"": ""others""}']"
an act of charity,menacing,others,"['{""property_type"": ""canceled""}']"
the world without the sun,recoverable,others,"['{""property_type"": ""canceled""}']"
the memory of the kiss,cinematic,others,"['{""property_type"": ""emergent""}']"
the cherry on top,creative,others,"['{""property_type"": ""emergent""}']"
the faith of the simple,unpleasant,others,"['{""property_type"": ""others""}']"
a face without a nose,unique,others,"['{""property_type"": ""emergent""}']"
ill preparation,unnerve,others,"['{""property_type"": ""emergent""}']"
a marriage without inclination,unpleasant,others,"['{""property_type"": ""emergent""}']"
an unhinged jaw,harmonious,others,"['{""property_type"": ""canceled""}']"
"an army without a commander, or",ornate,others,"['{""property_type"": ""others""}']"
a girl in a bathingsuit,plentiful,others,"['{""property_type"": ""others""}']"
sandpaper against paper,sizeable,others,"['{""property_type"": ""others""}']"
water down a drain,works in a restaurant setting,others,"['{""property_type"": ""others""}']"
a girl since gender,disease vector,others,"['{""property_type"": ""others""}']"
"the dollar menu,",simple,others,"['{""property_type"": ""emergent""}']"
a rheumatic bandage,painful,others,"['{""property_type"": ""canceled""}']"
faith without love,important,others,"['{""property_type"": ""canceled""}']"
a scene out of Jaws,fluffy,others,"['{""property_type"": ""others""}']"
a lettuce without water,small-scale,others,"['{""property_type"": ""canceled""}']"
the earlier computer,exploit,others,"['{""property_type"": ""others""}']"
molehills in a meadow,soothing,others,"['{""property_type"": ""emergent""}']"
the old campground,restricted,others,"['{""property_type"": ""others""}']"
a hastening waterfowl,painful,others,"['{""property_type"": ""others""}']"
a brute beast,sweet,others,"['{""property_type"": ""others""}']"
a missing puzzle,heavy,others,"['{""property_type"": ""others""}']"
a church pillar,regulatory,others,"['{""property_type"": ""others""}']"
a coursing river,sting,others,"['{""property_type"": ""others""}']"
a jackass with no training,steady,others,"['{""property_type"": ""canceled""}']"
a duck's foot,fragile,others,"['{""property_type"": ""component""}']"
the wind from the lake,quick,others,"['{""property_type"": ""emergent""}']"
a church pillar,unaware,others,"['{""property_type"": ""others""}']"
jousting windmills,inflame,others,"['{""property_type"": ""others""}']"
a skunk in heat,shiny,others,"['{""property_type"": ""others""}']"
a stone from a slingshot,structure,others,"['{""property_type"": ""component""}']"
